familyname	maxgap	sex
6kbHsap	38.29221504716503	female
6kbHsap	14.305408040304997	male
ALINE	0.010726562030998005	female
ALINE	0.04498124595217598	male
ALR	3634.4100166688986	female
ALR	4085.7485787900987	male
ALR_	10900.307312044395	female
ALR_	11895.763981432498	male
ALR1	6718.670321960104	female
ALR1	10639.0457548079	male
ALR2	100.30251176239017	female
ALR2	134.69797195006004	male
ALRa	25.29188476444699	female
ALRa	16.89484200738599	male
ALRa_	70.16209002978985	female
ALRa_	118.17155197687998	male
ALRb	2335.696253131995	female
ALRb	3383.2388576831	male
ALU	11590.062689968006	female
ALU	7674.149549260997	male
AmnSINE1_HS	0.06094026599496105	female
AmnSINE1_HS	1.83049414224904	male
BLACKJACK	0.054998205063280015	female
BLACKJACK	0.041601365013860025	male
BSRb	0.05388964367327409	female
BSRb	0.04469806381390895	male
BSRd	0.0042901466473707	female
BSRd	0.0027241789926344	male
BSRf	0.8062156357595001	female
BSRf	0.2526632768084003	male
CER	29.817785780002964	female
CER	14.804088448748985	male
CHARLIE1	0.25748769074909994	female
CHARLIE1	0.3481654826747018	male
CHARLIE10	0.053101556922969806	female
CHARLIE10	0.10950636220843002	male
Charlie11	0.031005963071663034	female
Charlie11	0.02002572999469404	male
Charlie12	0.19314851979818037	female
Charlie12	0.2901732434851292	male
Charlie13a	0.012513363960106993	female
Charlie13a	0.014257560788349	male
Charlie13b	0.043293643137040094	female
Charlie13b	0.030554597017659946	male
Charlie15a	0.026578311488891004	female
Charlie15a	0.0311970146319666	male
Charlie16a	0.03558640199726004	female
Charlie16a	0.05580746515608004	male
Charlie17a	0.04360310457800198	female
Charlie17a	0.014738124012678044	male
Charlie18a	0.10303346492646104	female
Charlie18a	0.029110714708350027	male
Charlie19a	0.08833605651128007	female
Charlie19a	0.058313218316499826	male
CHARLIE1A	0.18534990563430043	female
CHARLIE1A	0.1853303617057005	male
CHARLIE1B	0.15001603808166974	female
CHARLIE1B	0.09966209716021002	male
CHARLIE2	0.00414224328905799	female
CHARLIE2	0.006940280045691999	male
Charlie21a	0.013630919416828036	female
Charlie21a	0.057498435846127016	male
Charlie22a	0.05638788830610297	female
Charlie22a	0.04204119969194997	male
Charlie24	0.004977097354606025	female
Charlie24	0.006631700968588006	male
Charlie25	0.015266071050241997	female
Charlie25	0.0029904540707759997	male
Charlie26a	0.034186194221170974	female
Charlie26a	0.011212514281020991	male
Charlie27	0.014704724705278005	female
Charlie27	0.01124144627455298	male
Charlie28	0.05233077103595202	female
Charlie28	0.026552146078409944	male
CHARLIE2A	0.008687024830049017	female
CHARLIE2A	0.01949945581396706	male
CHARLIE2B	0.0198604502090738	female
CHARLIE2B	0.004316090224424793	male
CHARLIE3	0.9188293034561923	female
CHARLIE3	1.1868387088693026	male
CHARLIE4	0.04245496114376701	female
CHARLIE4	0.11347475779819494	male
CHARLIE5	0.7602050405813969	female
CHARLIE5	0.3028169980076001	male
CHARLIE6	0.034132199355489945	female
CHARLIE6	0.053829019439409986	male
CHARLIE7	0.04413740010008005	female
CHARLIE7	0.04459986033441998	male
CHARLIE8	0.06484339562425001	female
CHARLIE8	0.06651117371044002	male
CHARLIE8A	0.0019848511802269	female
CHARLIE8A	0.0011920674859364	male
CHARLIE9	0.2668974685887502	female
CHARLIE9	0.039895956962600065	male
CHESHIRE	0.12384113156639032	female
CHESHIRE	0.07016502007320025	male
CHESHIRE_A	0.7468065749674047	female
CHESHIRE_A	0.7126643500557002	male
CR1_HS	0.0	female
CR1_HS	0.0	male
CR1_Mam	0.008026386915480993	female
CR1_Mam	0.0054558953928889875	male
DNA1_Mam	0.009517569679593996	female
DNA1_Mam	0.01670672975642501	male
ERV24_Prim	0.061131975911949965	female
ERV24_Prim	0.03600133962660035	male
ERV24B_Prim	0.03251561541625003	female
ERV24B_Prim	0.01831006428938009	male
ERV3-16A3_I	0.012033094907710096	female
ERV3-16A3_I	0.017563591789369948	male
ERV3-16A3_LTR	0.03326828379109198	female
ERV3-16A3_LTR	0.01954522471892206	male
ERVL	0.14251793856139905	female
ERVL	0.2274808089894993	male
ERVL-B4	0.3764509946217025	female
ERVL-B4	0.6223096446334999	male
ERVL-E	0.02821370952236002	female
ERVL-E	0.043668087488140106	male
ERVL47	0.05554987031589986	female
ERVL47	0.050409663813320016	male
EuthAT-1	0.023331300424244972	female
EuthAT-1	0.03832693207649501	male
EuthAT-2	0.015126426248085967	female
EuthAT-2	0.016206745956778013	male
EuthAT-2B	0.04371265267677016	female
EuthAT-2B	0.05294637504754984	male
EuthAT-N1	0.1465002302982601	female
EuthAT-N1	0.0708267412594401	male
Eutr1	0.09638374027230201	female
Eutr1	0.05440543414450699	male
Eutr10	0.011547778717499999	female
Eutr10	0.014240691570332004	male
Eutr11	0.08557904095233004	female
Eutr11	0.25575240297225	male
Eutr12	0.010901117009829098	female
Eutr12	0.0037342562965121985	male
Eutr13	0.003240489695877001	female
Eutr13	0.002432725437230502	male
Eutr14	0.02395741797897699	female
Eutr14	0.06888882444352507	male
Eutr15	0.04580352518217101	female
Eutr15	0.03604593417292701	male
Eutr16	0.002168474025683	female
Eutr16	0.0050133736191458	male
Eutr17	0.020005404593652104	female
Eutr17	0.010600469627185	male
Eutr18	0.04558251183345008	female
Eutr18	0.21515615210292016	male
Eutr2	0.0015455186896469	female
Eutr2	0.0012034932635772	male
Eutr3	0.0034523640103572	female
Eutr3	0.0020577349079117	male
Eutr4	0.010800634949841015	female
Eutr4	0.022059888502916958	male
Eutr5	0.017464400556604004	female
Eutr5	0.0149988242628357	male
Eutr6	0.03620973872469302	female
Eutr6	0.01633987984676899	male
Eutr7	0.08724835723471003	female
Eutr7	0.06617265925106008	male
Eutr8	0.27782703192358005	female
Eutr8	0.15190599763858015	male
EUTREP1	0.10354468941083006	female
EUTREP1	0.05134651997057027	male
EUTREP10	0.06039176217230802	female
EUTREP10	0.021519656095386086	male
EUTREP11	0.06090351367618896	female
EUTREP11	0.04097358977272403	male
EUTREP12	0.05473488283507699	female
EUTREP12	0.048256208373100185	male
EUTREP13	0.10918268670340003	female
EUTREP13	0.15023284928462988	male
EUTREP14	0.04443043970809796	female
EUTREP14	0.014599697998134042	male
EUTREP15	0.08779533856494015	female
EUTREP15	0.10532510282311014	male
EUTREP2	0.027855471456623038	female
EUTREP2	0.02137680951226706	male
EUTREP3	0.034335548373275016	female
EUTREP3	0.024682102988007992	male
EUTREP5	0.005392948287098801	female
EUTREP5	0.0031133497241820005	male
EUTREP6	0.022281198949766504	female
EUTREP6	0.02412201429327404	male
EUTREP7	0.07181522343890001	female
EUTREP7	0.06626304817596007	male
EUTREP8	0.061583585194699975	female
EUTREP8	0.19093248717659006	male
EutTc1-N1	0.01858339398417297	female
EutTc1-N1	0.020908598823839997	male
FORDPREFECT	0.15257542966289028	female
FORDPREFECT	0.04872205804056007	male
FORDPREFECT_A	0.03197394261376202	female
FORDPREFECT_A	0.031259878959698006	male
GOLEM	0.27564179397860045	female
GOLEM	0.577461651954998	male
GOLEM_A	3.3757394674850048	female
GOLEM_A	1.0946360431651954	male
GOLEM_B	0.6099804919820997	female
GOLEM_B	0.4824770457660037	male
GOLEM_C	1.3149466939426873	female
GOLEM_C	1.7865033141515028	male
GSAT	3.081030667703004	female
GSAT	2.4019182356589965	male
GSATII	12.839337835837	female
GSATII	8.649874470521013	male
GSATX	1.8670163878934005	female
GSATX	2.0889979423312006	male
HAL1	0.06882007422544989	female
HAL1	0.11843064454219032	male
HAL1B	0.009970757854084078	female
HAL1B	0.01134958727879698	male
HAL1M8	0.19280149075841013	female
HAL1M8	0.17525289725017945	male
HARLEQUIN	1.0730456497527001	female
HARLEQUIN	0.5658163430426981	male
HARLEQUINLTR	4.065954935722971	female
HARLEQUINLTR	3.350173635877013	male
Helitron1Nb_Mam	0.034620856523494004	female
Helitron1Nb_Mam	0.026031278293751015	male
Helitron3Na_Mam	0.02131924673522595	female
Helitron3Na_Mam	0.020709054947764982	male
HERV-K14CI	1.1110249605595897	female
HERV-K14CI	1.2450158453937004	male
HERV-K14I	0.40629303118869586	female
HERV-K14I	0.5501830234194998	male
HERV1_LTR	0.3311553428092999	female
HERV1_LTR	0.24948777620850038	male
HERV15I	0.19064221866445052	female
HERV15I	0.6309145057379002	male
HERV16	0.060399357843055	female
HERV16	0.11209517082863096	male
HERV17	0.6258823081656004	female
HERV17	0.42740148792870514	male
HERV18	1.5706234981267997	female
HERV18	0.8329359780234995	male
HERV19I	0.2145062027609015	female
HERV19I	0.3556756756618995	male
HERV23	0.06501502072535792	female
HERV23	0.2644625239251599	male
HERV3	0.0746797214774908	female
HERV3	0.6455074094555489	male
HERV30I	0.2835101788241996	female
HERV30I	0.5259817344846986	male
HERV35I	0.19997532527500006	female
HERV35I	0.2784884788579003	male
HERV38I	0.1705454227688099	female
HERV38I	0.5430926104447096	male
HERV39	0.7533787394539928	female
HERV39	3.4352082298563005	male
HERV4_I	0.14330796959389858	female
HERV4_I	0.3211801638712011	male
HERV4_LTR	0.007682578227764997	female
HERV4_LTR	0.01114577533723099	male
HERV46I	0.34576768775830047	female
HERV46I	1.4711216974719497	male
HERV49I	0.25896240758039824	female
HERV49I	0.45481164021979836	male
HERV52I	0.03754194939744804	female
HERV52I	0.022997699321886	male
HERV57I	0.09135922196738022	female
HERV57I	0.07716842741356977	male
HERV9	1.5208159863510105	female
HERV9	1.7350725691839841	male
HERVE	1.6181082139861047	female
HERVE	1.6245798507870006	male
HERVFH19I	0.23746878476998035	female
HERVFH19I	0.17734225789402913	male
HERVFH21I	0.9235020233692985	female
HERVFH21I	1.083625324032699	male
HERVG25	0.0977013946049301	female
HERVG25	0.1541867384708	male
HERVH	12.454785194020985	female
HERVH	8.319117021029967	male
HERVH48I	0.2765903927397986	female
HERVH48I	0.746640460020803	male
HERVI	1.4013589698206097	female
HERVI	1.2012895101591399	male
HERVIP10F	0.16114722556519823	female
HERVIP10F	0.2505122409114975	male
HERVIP10FH	1.4613272859437956	female
HERVIP10FH	1.8640468846250968	male
HERVK	0.5172844488688	female
HERVK	2.493241530370298	male
HERVK11DI	0.19454005427444088	female
HERVK11DI	0.21548214005072008	male
HERVK11I	0.3731169078486971	female
HERVK11I	0.29620165804810483	male
HERVK13I	0.02409563164091999	female
HERVK13I	0.024378887696949958	male
HERVK22I	0.6327906025311023	female
HERVK22I	1.2317294640647987	male
HERVK3I	0.24432181142119802	female
HERVK3I	0.19626583614950022	male
HERVK9I	1.6742415318569783	female
HERVK9I	1.5371384975070157	male
HERVKC4	0.17818498974232	female
HERVKC4	0.30248639159764057	male
HERVL	20.98023370417104	female
HERVL	25.038173837275963	male
HERVL_40	0.035859019113920976	female
HERVL_40	0.06819242954085203	male
HERVL66I	0.3658278144824969	female
HERVL66I	0.7242642850861998	male
HERVL68	0.058737489028626966	female
HERVL68	0.15813933907309696	male
HERVL74	0.0154852428478498	female
HERVL74	0.028568636049729923	male
HERVP71A_I	0.3872955101484017	female
HERVP71A_I	0.6759444275467033	male
HERVR	0.00011560348808360002	female
HERVR	0.0007811531745082001	male
HERVS71	0.15245700386829952	female
HERVS71	0.3581116593192988	male
HSATI	1716.0227811504628	female
HSATI	119.1720387144801	male
HSATII	5720.953534983302	female
HSATII	1734.5322834726976	male
HSFAU	0.13396535322850012	female
HSFAU	0.08018146964987016	male
HSMAR1	3.395598326584036	female
HSMAR1	2.660505355460998	male
HSMAR2	3.628765007208017	female
HSMAR2	2.835740331320949	male
HSTC2	0.03796515328880101	female
HSTC2	0.03816677949636904	male
HUERS-P1	0.6696089220108021	female
HUERS-P1	1.041184531975702	male
HUERS-P2	0.9225283169122989	female
HUERS-P2	1.8184055451331993	male
HUERS-P3	0.25377427752630055	female
HUERS-P3	0.28759488087149876	male
HUERS-P3B	0.20583227573050067	female
HUERS-P3B	0.5616060524127029	male
IN25	0.9567407130917971	female
IN25	0.2843405610676015	male
Kanga1	0.036230987005982984	female
Kanga1	0.016017434368914008	male
Kanga11a	0.05540013074196598	female
Kanga11a	0.021049306613868002	male
Kanga1d	0.00489886294008	female
Kanga1d	0.0033909329588448014	male
KANGA2_A	0.10151594675673015	female
KANGA2_A	0.03995130234282018	male
KER	0.06505070790915002	female
KER	0.07984822977182993	male
L1	128.34953234834984	female
L1	183.54309576804053	male
L1HS	80.32590408980013	female
L1HS	88.0283438939	male
L1M1_5	18.39799695553603	female
L1M1_5	12.36252739246197	male
L1M1B_5	1.3758981992880024	female
L1M1B_5	1.8680514754880022	male
L1M2_5	3.103820229806402	female
L1M2_5	3.6667365625136057	male
L1M2A_5	0.3689756577660006	female
L1M2A_5	0.4856176263088976	male
L1M2A1_5	0.2376902083703989	female
L1M2A1_5	0.3369699529960002	male
L1M2B_5	0.30207797428010075	female
L1M2B_5	0.24238493700839925	male
L1M2C_5	0.9725070852223965	female
L1M2C_5	1.5354515369227002	male
L1M3A_5	0.42381990119760005	female
L1M3A_5	0.5537460051468983	male
L1M3B_5	0.04622504304697994	female
L1M3B_5	0.0918400790608298	male
L1M3C_5	0.3465473395397698	female
L1M3C_5	0.21153067859528019	male
L1M3D_5	0.06310415024427041	female
L1M3D_5	0.20659078947159015	male
L1M3DE_5	0.13040613340137952	female
L1M3DE_5	0.09103006187230989	male
L1M4B	1.0764097894869025	female
L1M4B	1.2322109366952958	male
L1M6_5end	0.006373013208396901	female
L1M6_5end	0.002518974167147997	male
L1M6B_5end	0.00959738270833499	female
L1M6B_5end	0.027079695247095997	male
L1M7_5end	0.006736288176039024	female
L1M7_5end	0.003562976727257	male
L1MA1	10.537368677712948	female
L1MA1	7.392094454406049	male
L1MA10	0.9421836547384999	female
L1MA10	0.7201139181085985	male
L1MA2	8.288178609024044	female
L1MA2	3.2471510013800184	male
L1MA3	7.7155626043000325	female
L1MA3	6.381743879297005	male
L1MA4	8.96285020816498	female
L1MA4	8.323473121760003	male
L1MA4A	8.213840053990964	female
L1MA4A	10.894126667037995	male
L1MA5	4.755700216462998	female
L1MA5	2.4164664888809853	male
L1MA5A	6.7708751603900055	female
L1MA5A	4.555067372292001	male
L1MA6	5.81789198939299	female
L1MA6	5.018118240303011	male
L1MA7	5.334329443976998	female
L1MA7	2.736748976004037	male
L1MA8	1.9221165085660061	female
L1MA8	1.6427110238253988	male
L1MA9	6.491918908173034	female
L1MA9	6.113594213663987	male
L1MA9_5	0.2210559005890005	female
L1MA9_5	0.3197278990651	male
L1MB1	4.760371028403995	female
L1MB1	4.895521149520988	male
L1MB2	4.502527204139994	female
L1MB2	5.170000958366984	male
L1MB3	6.449396127705029	female
L1MB3	6.5434371029710405	male
L1MB3_5	1.3233789817710004	female
L1MB3_5	1.7008305661789933	male
L1MB4	10.190585363343018	female
L1MB4	6.561646151196953	male
L1MB4_5	0.08946351775492989	female
L1MB4_5	0.19204461915417959	male
L1MB5	3.5915979175199766	female
L1MB5	3.0611047866200067	male
L1MB6_5	0.5299346127574012	female
L1MB6_5	0.2813142657123997	male
L1MB7	5.626547895367025	female
L1MB7	4.4243318004260175	male
L1MB8	6.168729471236986	female
L1MB8	4.637926349221004	male
L1MC1	9.334386244108032	female
L1MC1	14.433812851256903	male
L1MC2	4.615459443664008	female
L1MC2	3.3954601298559908	male
L1MC3	1.5511962142718971	female
L1MC3	2.3791248172358053	male
L1MC4	0.569284914256599	female
L1MC4	0.3914730015514003	male
L1MC4_5end	0.03191176285282005	female
L1MC4_5end	0.07259849053495993	male
L1MC4B	0.11520566012545963	female
L1MC4B	0.12293086868458003	male
L1MC5	0.21458771186938996	female
L1MC5	0.16926432967104033	male
L1MCA_5	2.0684673732090033	female
L1MCA_5	4.1587793009580025	male
L1MCB_5	0.23366779008980032	female
L1MCB_5	0.6234105009068003	male
L1MCC_5	0.027129903060500116	female
L1MCC_5	0.07948529773246049	male
L1MD1	0.8758643483423967	female
L1MD1	0.6610616277082002	male
L1MD1_5	0.05371738271748061	female
L1MD1_5	0.10910957069798011	male
L1MD2	3.367400791978014	female
L1MD2	5.786573591559005	male
L1MD3	1.9902116958107996	female
L1MD3	1.1694302112694999	male
L1MDA_5	1.4662701683201007	female
L1MDA_5	1.2049792415270986	male
L1MDB_5	0.571372247008199	female
L1MDB_5	0.3868262581052999	male
L1ME_ORF2	4.910870065544003	female
L1ME_ORF2	3.62010452720898	male
L1ME1	2.6827057619044012	female
L1ME1	1.7091713356675058	male
L1ME2	0.8375057210874957	female
L1ME2	1.223680046423496	male
L1ME3	0.384098740017901	female
L1ME3	0.29450736831329927	male
L1ME3A	0.2048833632273901	female
L1ME3A	0.37218444381758964	male
L1ME3C_3end	0.11553968437272033	female
L1ME3C_3end	0.05102672239645978	male
L1ME3D_3end	0.06886135946401994	female
L1ME3D_3end	0.033269516824420364	male
L1ME3E_3end	0.04426108443348986	female
L1ME3E_3end	0.045091752296160026	male
L1ME3F_3end	0.13582582782599006	female
L1ME3F_3end	0.04249608622361034	male
L1ME4	0.10382652253127	female
L1ME4	0.029588293228209883	male
L1ME4A	0.07878145731051944	female
L1ME4A	0.07114555050698002	male
L1ME5	5.448812102711474	female
L1ME5	2.804128645910681	male
L1ME5_3end	0.031197288057399852	female
L1ME5_3end	0.03510923168178004	male
L1MEA_5	0.009100236879044044	female
L1MEA_5	0.008314321864062002	male
L1MEB_5	0.02581872668130103	female
L1MEB_5	0.014783939489594	male
L1MEC_5	0.6591944858169043	female
L1MEC_5	0.5918362659940968	male
L1MED_5	0.019909962646370016	female
L1MED_5	0.017011295685281924	male
L1MEE_5	0.029379722319681	female
L1MEE_5	0.014833400156107013	male
L1MEe_5end	0.09159860906471984	female
L1MEe_5end	0.03262667691959997	male
L1MEf_5end	0.3417695210163991	female
L1MEf_5end	0.3197948908049	male
L1MEg_5end	0.12643927493529006	female
L1MEg_5end	0.23113808419152004	male
L1P_MA2	29.95696514483302	female
L1P_MA2	34.67380780135909	male
L1P4a_5end	0.741793565849008	female
L1P4a_5end	5.0319241155141015	male
L1P4b_5end	0.14083892444900936	female
L1P4b_5end	0.3549692874551198	male
L1P4c_5end	0.18695052822512004	female
L1P4c_5end	0.26257847736897055	male
L1P4d_5end	0.1836477385602997	female
L1P4d_5end	0.39816639681679966	male
L1P4e_5end	0.5691789480539953	female
L1P4e_5end	1.131512282761605	male
L1PA10	9.102127470780033	female
L1PA10	17.172199013797922	male
L1PA11	5.089528586269012	female
L1PA11	9.666123078369992	male
L1PA12	4.103946149729012	female
L1PA12	3.373593555403005	male
L1PA12_5	1.9393591750868069	female
L1PA12_5	0.970641177593194	male
L1PA13	5.5067168412520004	female
L1PA13	10.343190707131953	male
L1PA13_5	1.104221835248012	female
L1PA13_5	2.3527532015129964	male
L1PA14	5.439038621563043	female
L1PA14	9.066172383499008	male
L1PA14_5	1.0339621058788993	female
L1PA14_5	1.3267582608095978	male
L1PA15	8.715811343588939	female
L1PA15	21.972752471325066	male
L1PA16	26.76654616590986	female
L1PA16	54.93000696142008	male
L1PA16_5	4.616789345127017	female
L1PA16_5	5.060362089595003	male
L1PA17_5	0.2242430445305601	female
L1PA17_5	0.38814606989011047	male
L1PA2	9.00443242451297	female
L1PA2	6.3983022282950515	male
L1PA3	41.4554010248911	female
L1PA3	28.84636336666017	male
L1PA4	62.259734690849655	female
L1PA4	96.27677869950003	male
L1PA6	34.80452239227998	female
L1PA6	34.20196641440998	male
L1PA7	24.822851702359912	female
L1PA7	30.22862468111998	male
L1PA7_5	25.08253347594018	female
L1PA7_5	27.4238052319497	male
L1PA8	10.375904868779912	female
L1PA8	21.53673254246803	male
L1PB1	19.371134215489974	female
L1PB1	26.24349184717994	male
L1PB2	8.775757769597021	female
L1PB2	14.347368387912013	male
L1PB2c	23.19662465504007	female
L1PB2c	70.5166034706001	male
L1PB3	7.319591867447002	female
L1PB3	12.584283681379986	male
L1PB4	13.97067871618799	female
L1PB4	14.939367670787988	male
L1PBA_5	7.786093702849996	female
L1PBA_5	16.15218529340501	male
L1PBA1_5	5.172416271087997	female
L1PBA1_5	1.8008294067609825	male
L1PBB_5	2.4709280571115997	female
L1PBB_5	1.0857374522660947	male
L1PREC1	39.30022551910997	female
L1PREC1	124.87955076404978	male
L1PREC2	12.792236229779974	female
L1PREC2	37.67714723181007	male
L2	0.19301824464447037	female
L2	0.09709325225836984	male
L2B	0.10787396833392027	female
L2B	0.10752664694092928	male
L2C	0.024230187875833004	female
L2C	0.019251658755307988	male
L2D	0.008617368389339596	female
L2D	0.026370719501109002	male
L3	0.010366725255577997	female
L3	0.012990469792779014	male
L3b_3end	0.011248630562102013	female
L3b_3end	0.030053797045310998	male
L4	0.0047676393140514	female
L4	0.021495684423768008	male
L5	0.004273817071169604	female
L5	0.005898765734382999	male
LOOPER	0.1176336513241103	female
LOOPER	0.054679505902459624	male
LOR1	1.3702186504660006	female
LOR1	0.7008240255132989	male
LOR1a_LTR	1.8269558548470002	female
LOR1a_LTR	1.5136073433823967	male
LOR1b_LTR	0.19489544013700133	female
LOR1b_LTR	0.23061987256419947	male
LOR1I	0.7053389110193038	female
LOR1I	0.6987046857373045	male
LSAU	65.87282544167704	female
LSAU	31.06374887331799	male
LTR06	0.22227552762590008	female
LTR06	0.09057747318619924	male
LTR1	0.5222258639024986	female
LTR1	0.6856438857995002	male
LTR104_Mam	0.0038232487689243005	female
LTR104_Mam	0.003889115981293101	male
LTR108d_Mam	0.016638430901801005	female
LTR108d_Mam	0.0048666847589280415	male
LTR108e_Mam	0.03292968897255599	female
LTR108e_Mam	0.022206759742535	male
LTR10A	3.126028282006004	female
LTR10A	1.1627347085364903	male
LTR10B	3.058896346920001	female
LTR10B	1.6001401387020984	male
LTR10B1	0.396065156359402	female
LTR10B1	0.5184259701219993	male
LTR10B2	0.17253010048989914	female
LTR10B2	0.2439077721966001	male
LTR10C	2.424106925881972	female
LTR10C	4.171581343084995	male
LTR10D	2.843951244256999	female
LTR10D	0.8203024732359978	male
LTR10E	0.5344961723706092	female
LTR10E	1.9988113427453982	male
LTR10F	4.723805811866953	female
LTR10F	3.1545363759520058	male
LTR10G	1.228094026073002	female
LTR10G	0.5460154274190003	male
LTR11	0.06108709572624993	female
LTR11	0.07599965405928699	male
LTR12	1.8772697596869818	female
LTR12	2.559817819977013	male
LTR12B	1.711857607372906	female
LTR12B	0.5563843580095948	male
LTR12C	18.915233425659835	female
LTR12C	28.513150575169902	male
LTR12D	7.786599829409994	female
LTR12D	4.038602275170973	male
LTR12E	4.15303217213102	female
LTR12E	15.625501227558004	male
LTR12F	6.194924460600987	female
LTR12F	4.780791542847965	male
LTR13	6.101279272352997	female
LTR13	5.680662704745998	male
LTR13A	2.238895935757995	female
LTR13A	3.628193221337	male
LTR14	0.5244166913469002	female
LTR14	1.624292551772001	male
LTR14A	1.7885970801410167	female
LTR14A	1.6888399890739976	male
LTR14B	1.3949087174850092	female
LTR14B	1.1967238982010002	male
LTR14C	3.411453651137492	female
LTR14C	7.318346740860008	male
LTR15	3.0143165111810077	female
LTR15	2.41692818445199	male
LTR16	0.0696430358712603	female
LTR16	0.051742705237249886	male
LTR16A	0.04498974643193998	female
LTR16A	0.023839488396409925	male
LTR16A1	0.0749704550610999	female
LTR16A1	0.08179850946299005	male
LTR16A2	0.052212189716239976	female
LTR16A2	0.026100033857159977	male
LTR16B	0.03431542945568	female
LTR16B	0.044351813881509994	male
LTR16B1	0.036565170920449974	female
LTR16B1	0.05974429804228021	male
LTR16B2	0.041218535036835924	female
LTR16B2	0.03953886804099005	male
LTR16C	0.2301475232232093	female
LTR16C	0.06719535168550994	male
LTR16D	0.030718398766094	female
LTR16D	0.016070399857121997	male
LTR16D1	0.005730364380952799	female
LTR16D1	0.013924873860550996	male
LTR16D2	0.005121073783314001	female
LTR16D2	0.005644129316925199	male
LTR16E	0.015505581277205999	female
LTR16E	0.016122105888368987	male
LTR16E1	0.1657445508470099	female
LTR16E1	0.028949250513830016	male
LTR16E2	0.016119067856488978	female
LTR16E2	0.009606694461461007	male
LTR17	4.097939833508008	female
LTR17	6.563310455533951	male
LTR18A	2.898586290446403	female
LTR18A	4.729672737162005	male
LTR18B	1.0226689012013992	female
LTR18B	1.0954821825216001	male
LTR18C	0.6237730993298953	female
LTR18C	0.40230165816929997	male
LTR19A	1.916365494501008	female
LTR19A	3.230054026141005	male
LTR19B	1.5553564871780026	female
LTR19B	1.8773166218379913	male
LTR19C	0.3158606581198029	female
LTR19C	0.31458916100870127	male
LTR1A1	4.570219519917998	female
LTR1A1	4.582218711363993	male
LTR1A2	4.2015131005250055	female
LTR1A2	1.3187758582769789	male
LTR1B	0.8422018804615021	female
LTR1B	0.3978359358297041	male
LTR1B0	0.5648182560240969	female
LTR1B0	0.7413469224724949	male
LTR1B1	1.158883936530998	female
LTR1B1	0.8722607164596994	male
LTR1C	0.40331686179469983	female
LTR1C	0.34763848840839984	male
LTR1C1	0.3240920708229993	female
LTR1C1	0.633015128574403	male
LTR1C2	0.0632669694055199	female
LTR1C2	0.059654723573900004	male
LTR1C3	0.3175627969904973	female
LTR1C3	0.08416720763129959	male
LTR1D	2.6451515683724978	female
LTR1D	1.9535272846755873	male
LTR1D1	0.5102093011042967	female
LTR1D1	0.43663991808550406	male
LTR1E	0.5545330344398991	female
LTR1E	0.4534722748516984	male
LTR1F	0.24034778729770068	female
LTR1F	0.3548009946409998	male
LTR1F1	0.8500034471844984	female
LTR1F1	0.4608534897026999	male
LTR1F2	0.9248448294004028	female
LTR1F2	0.6683428514660008	male
LTR2	0.16263867318090064	female
LTR2	0.46907717782250025	male
LTR21A	0.6167267264936989	female
LTR21A	0.32319862256260024	male
LTR21B	0.10849615045840011	female
LTR21B	0.23021628688466045	male
LTR21C	0.14645630914642105	female
LTR21C	0.1425716432979005	male
LTR22	0.5820412708313043	female
LTR22	4.2328055272677005	male
LTR22A	0.6716168218565883	female
LTR22A	1.6142081000253086	male
LTR22B	1.0300454704686999	female
LTR22B	1.0443837082882936	male
LTR22B1	0.7509766249652046	female
LTR22B1	0.3217130859228021	male
LTR22B2	0.18145394916769853	female
LTR22B2	0.3273813800416008	male
LTR22C	0.20698708477587946	female
LTR22C	0.10162966635814108	male
LTR22C2	0.4505327868364013	female
LTR22C2	0.6691373421254987	male
LTR22E	0.5328496423165987	female
LTR22E	1.4819133700958034	male
LTR23	1.2917372498135933	female
LTR23	0.4598522617731078	male
LTR24	0.46813268503159833	female
LTR24	1.6153089766324982	male
LTR24B	0.5119168290099978	female
LTR24B	0.9883344508175966	male
LTR24C	1.402755552119899	female
LTR24C	0.5273229478509052	male
LTR25	1.0748311173070988	female
LTR25	2.1988099177277007	male
LTR25-int	0.08342053141180017	female
LTR25-int	0.2091393125261991	male
LTR26	0.868220955559508	female
LTR26	1.8542778714917034	male
LTR26B	0.5088790418948008	female
LTR26B	0.4653083179868993	male
LTR26C	0.2743694058986996	female
LTR26C	0.9646256433146991	male
LTR26D	1.2423980959193983	female
LTR26D	0.6192106162912978	male
LTR26E	0.2329264966025999	female
LTR26E	0.18718423551469954	male
LTR27	0.2479860332135999	female
LTR27	0.5873419791952976	male
LTR2752	0.5290395820609959	female
LTR2752	0.7532329598608953	male
LTR27B	0.4491128855559978	female
LTR27B	0.5040871038901997	male
LTR27C	0.1653679536580004	female
LTR27C	0.24296108598019828	male
LTR27D	1.7648079433814985	female
LTR27D	2.4154943851527975	male
LTR27E	0.5156969140087	female
LTR27E	0.8525053294624989	male
LTR28	0.32472069535669945	female
LTR28	0.2479613336886004	male
LTR28B	0.3774702526615954	female
LTR28B	0.5577371476677015	male
LTR28C	0.5036885117484999	female
LTR28C	0.5376586877297029	male
LTR29	0.6907206619614001	female
LTR29	1.5697655939423996	male
LTR2B	3.704019824179994	female
LTR2B	1.3861480184820039	male
LTR2C	1.4368331223270019	female
LTR2C	1.1490616526549928	male
LTR3	0.624301516877594	female
LTR3	0.8514908950456004	male
LTR30	4.182364500177897	female
LTR30	2.9601394243474886	male
LTR31	0.1761101380193999	female
LTR31	0.48392200964990195	male
LTR32	1.3132250654070106	female
LTR32	1.2531043692520143	male
LTR33	0.07459692193807976	female
LTR33	0.07454141405081005	male
LTR33A	0.07437126545737982	female
LTR33A	0.13471384871244996	male
LTR33B	0.02873341813145891	female
LTR33B	0.02275678590435304	male
LTR33C	0.017478754375306993	female
LTR33C	0.019889510205361005	male
LTR34	0.4862502795672974	female
LTR34	0.17388879447199912	male
LTR35	0.20284585871698013	female
LTR35	0.24596683917599016	male
LTR35A	0.3061530717323997	female
LTR35A	0.8248723278127983	male
LTR35B	0.16931960989633055	female
LTR35B	0.17298645567622017	male
LTR36	0.8231738900895991	female
LTR36	0.47935158178349724	male
LTR37-int	0.046437421265379974	female
LTR37-int	0.023255999843399877	male
LTR37A	0.2717650331430992	female
LTR37A	0.25644257441260265	male
LTR37B	0.1238539259868201	female
LTR37B	0.08527160355136054	male
LTR38	0.2605436763987008	female
LTR38	0.49376778276370104	male
LTR38A1	0.2163754135999998	female
LTR38A1	0.11832197439340142	male
LTR38B	0.15801852022649854	female
LTR38B	0.3042689448108007	male
LTR38C	0.6235898496056009	female
LTR38C	0.3402806718300013	male
LTR39	1.702025751440999	female
LTR39	3.3220048927700248	male
LTR3A	1.7148625413621943	female
LTR3A	0.6339012939042021	male
LTR3B	0.888894743051992	female
LTR3B	3.441468459521019	male
LTR4	0.31842396657250305	female
LTR4	0.18589784933289977	male
LTR40A	0.3779092160708384	female
LTR40A	0.14687129623380013	male
LTR40A1	0.039652016168784	female
LTR40A1	0.050191561011189934	male
LTR40B	0.17981613834770016	female
LTR40B	0.3935285580371186	male
LTR40C	0.20832128618166035	female
LTR40C	0.08233377142330944	male
LTR41	0.08191222170847023	female
LTR41	0.10117442505446039	male
LTR41B	0.06005370175253999	female
LTR41B	0.039251808618030015	male
LTR41C	0.03279678725960977	female
LTR41C	0.024229045870729937	male
LTR42	1.0277622397711994	female
LTR42	0.2091046347757981	male
LTR43	1.458276401961811	female
LTR43	1.467749455984304	male
LTR43_I	0.022359136662760015	female
LTR43_I	0.03700059123984989	male
LTR43B	0.17723289936689923	female
LTR43B	0.3548690040971998	male
LTR44	0.5505420282490014	female
LTR44	0.5284134706351011	male
LTR45	0.5867275088957982	female
LTR45	0.26864779722949805	male
LTR45B	0.5800543556825914	female
LTR45B	0.7130609569824884	male
LTR45C	0.6657347066587036	female
LTR45C	0.31731860848539384	male
LTR46	1.049951188571498	female
LTR46	0.9511832451176971	male
LTR47A	1.449082287675509	female
LTR47A	1.654797363474401	male
LTR47A2	0.42255475742029347	female
LTR47A2	0.4541224874635006	male
LTR47B	0.12788004913569928	female
LTR47B	0.25298320759080006	male
LTR47B2	0.42441326360230036	female
LTR47B2	0.41366596737670136	male
LTR47B3	0.31438958558999985	female
LTR47B3	0.2170321592119997	male
LTR47B4	0.6722264355683976	female
LTR47B4	0.5023204977619002	male
LTR48	0.5475172895784972	female
LTR48	0.3637843543041015	male
LTR48B	0.6172531889384985	female
LTR48B	0.3556158624642016	male
LTR49	1.4922296776160096	female
LTR49	1.8863991314370026	male
LTR5	0.6920131835140069	female
LTR5	0.3334144740065028	male
LTR5_Hs	2.5966885242820013	female
LTR5_Hs	2.7671334524430335	male
LTR50	0.035766487459850005	female
LTR50	0.027110052474400126	male
LTR51	0.4032852715426998	female
LTR51	0.26754797252139895	male
LTR52	0.11525825213157859	female
LTR52	0.2794368982804203	male
LTR53	0.27307045475120084	female
LTR53	0.1309636059483985	male
LTR53-int	0.12876212229858996	female
LTR53-int	0.10258154866561009	male
LTR53B	0.07811583697827995	female
LTR53B	0.055144571468430215	male
LTR54	1.6291927086638935	female
LTR54	1.4210840151916955	male
LTR54B	0.25527787906479915	female
LTR54B	0.6983916437141993	male
LTR55	0.08764910528218017	female
LTR55	0.3687187154321201	male
LTR56	1.0025033530575058	female
LTR56	2.094433498512899	male
LTR57	0.4994057752666947	female
LTR57	0.602781029262502	male
LTR58	0.18322110724922958	female
LTR58	0.10843440655926972	male
LTR59	0.657163159117097	female
LTR59	0.8408154144932993	male
LTR5A	10.098520990570023	female
LTR5A	8.105705400815992	male
LTR5B	2.980985327312027	female
LTR5B	2.9850253506359934	male
LTR60	0.44641847769173015	female
LTR60	0.29628363068639985	male
LTR60B	0.28530322355759985	female
LTR60B	0.2611527429368987	male
LTR61	1.182130878303802	female
LTR61	0.48271409245000285	male
LTR62	0.7325250206156042	female
LTR62	0.7692248999436018	male
LTR64	0.3453876781349017	female
LTR64	0.3214264494597998	male
LTR65	0.14537782210210004	female
LTR65	0.1270634029690001	male
LTR66	52.23918712293401	female
LTR66	21.225240816536996	male
LTR67B	0.028878038710040244	female
LTR67B	0.12396673838413985	male
LTR68	0.02003478810819015	female
LTR68	0.031718964423017915	male
LTR69	0.1637959771741997	female
LTR69	0.41917130009099957	male
LTR6A	1.3898550030968977	female
LTR6A	1.0975387285176907	male
LTR6B	1.3933080769430148	female
LTR6B	0.8044360294439912	male
LTR70	0.9831095501043023	female
LTR70	0.4856222608509988	male
LTR71A	2.175001468349606	female
LTR71A	2.4559259369292903	male
LTR71B	0.37284041033601056	female
LTR71B	1.0982530726579967	male
LTR72	0.3566931072016004	female
LTR72	0.7708792429804987	male
LTR72B	0.24996211442540073	female
LTR72B	0.7162253435390014	male
LTR73	0.48671640234470104	female
LTR73	1.0065386328733013	male
LTR75	0.03352307127958998	female
LTR75	0.021329535210590223	male
LTR75_1	0.09412403398522962	female
LTR75_1	0.0720228544861703	male
LTR75B	0.05556937501424608	female
LTR75B	0.017985449077379867	male
LTR76	1.3246487166975953	female
LTR76	0.5673583097153028	male
LTR77	2.5617283539120983	female
LTR77	3.2083410592155985	male
LTR77B	0.44874182790620054	female
LTR77B	0.22743610822380056	male
LTR78	0.008338549717102989	female
LTR78	0.008401590330413405	male
LTR78B	0.0017531570127412004	female
LTR78B	0.004201435002146599	male
LTR79	0.01935344735554001	female
LTR79	0.04510825652303696	male
LTR7A	14.619887440562024	female
LTR7A	23.167268136919006	male
LTR7B	8.12064743228791	female
LTR7B	10.22628722556999	male
LTR7C	0.9734970963126983	female
LTR7C	1.2592407939928023	male
LTR7Y	12.392233835395018	female
LTR7Y	11.58004109182707	male
LTR8	4.284039537544004	female
LTR8	8.278254318979975	male
LTR80A	0.04746352041551799	female
LTR80A	0.019975861378160986	male
LTR80B	0.03705940356670001	female
LTR80B	0.05297260100347989	male
LTR81A	0.0046021339414565945	female
LTR81A	0.012643184150361003	male
LTR81AB	0.08799606416190309	female
LTR81AB	0.05224802277663798	male
LTR81B	0.00039050710932670004	female
LTR81B	0.0003125798349663	male
LTR81C	0.0005368020106899	female
LTR81C	0.0003127806904062	male
LTR82A	0.021023719230869986	female
LTR82A	0.016437222692760045	male
LTR82B	0.01036576802907696	female
LTR82B	0.028762098853791995	male
LTR83	0.018813361833426023	female
LTR83	0.015890589710785996	male
LTR84a	0.004125216525731999	female
LTR84a	0.029285640849187198	male
LTR84b	0.003043167504850508	female
LTR84b	0.004750220077014908	male
LTR85a	0.0022476174020975015	female
LTR85a	0.0042061293691294036	male
LTR85b	0.012862377574323985	female
LTR85b	0.015619691482061993	male
LTR85c	0.01206475277646199	female
LTR85c	0.006959307373062024	male
LTR86A1	0.019053031401286905	female
LTR86A1	0.010239901870575496	male
LTR86A2	0.0020665045666792003	female
LTR86A2	0.0028989309624977005	male
LTR86B1	0.002183548704107	female
LTR86B1	0.0022803809133049	male
LTR86B2	0.008215446519637098	female
LTR86B2	0.0247802652789806	male
LTR86C	0.0008582800832025	female
LTR86C	0.0013697073800769998	male
LTR87	0.05008657669294969	female
LTR87	0.053197411267210004	male
LTR88a	0.0008099281970373	female
LTR88a	0.0008829886832882	male
LTR88b	0.0007850438597777	female
LTR88b	0.0017894605789248	male
LTR88c	0.0009792452446355997	female
LTR88c	0.0005624366948612	male
LTR89	0.0006543377474354	female
LTR89	0.0005085938631708	male
LTR8A	3.427940620485998	female
LTR8A	4.131700113076988	male
LTR8B	4.097294421741026	female
LTR8B	4.801453652416001	male
LTR9	3.076930177272999	female
LTR9	2.4644604427220145	male
LTR90A	0.005819123528754903	female
LTR90A	0.004192353025972501	male
LTR90B	0.008018753761347003	female
LTR90B	0.013398687548833	male
LTR91	0.0031064146662762	female
LTR91	0.0021783726328311	male
LTR9A1	1.1537828973930004	female
LTR9A1	4.054163584690997	male
LTR9B	1.820186483605994	female
LTR9B	2.6099921397580204	male
LTR9C	0.5734905000458994	female
LTR9C	0.5385563235597033	male
LTR9D	1.1736314230180085	female
LTR9D	1.6353157326259975	male
MamGyp-int	0.0017377966411900002	female
MamGyp-int	0.0017715805177832	male
MamGypLTR1a	0.012905018578787404	female
MamGypLTR1a	0.0069287735964009	male
MamGypLTR1b	0.005426411359064992	female
MamGypLTR1b	0.016747397276017997	male
MamGypLTR1c	0.012390718051051797	female
MamGypLTR1c	0.00208419064344241	male
MamGypLTR1d	0.0027647515721048004	female
MamGypLTR1d	0.012742258388422294	male
MamGypLTR2	0.0010026913503127	female
MamGypLTR2	0.0003902545206352	male
MamGypLTR2b	0.0102056530461985	female
MamGypLTR2b	0.0053630672003145	male
MamGypLTR2c	0.0023132455286839007	female
MamGypLTR2c	0.002215380994098806	male
MamGypLTR3	0.009096679094554902	female
MamGypLTR3	0.0013700673661934046	male
MamRep137	0.05079084369101006	female
MamRep137	0.03589896514147983	male
MamRep1527	0.008474426499306992	female
MamRep1527	0.017468445823855983	male
MamRep1879	0.05841265418478703	female
MamRep1879	0.04178909705910949	male
MamRep38	0.064849689168122	female
MamRep38	0.013617902363339984	male
MamRep4096	0.03105585911278208	female
MamRep4096	0.02708636366035	male
MamRep434	0.06254898673238896	female
MamRep434	0.013691957050967984	male
MamRep488	0.040312247539932955	female
MamRep488	0.01778120600538602	male
MamRep564	0.018180232815391995	female
MamRep564	0.041001913098222986	male
MamRep605	0.07100082536129393	female
MamRep605	0.007487326916912007	male
MamSINE1	0.17614217542622002	female
MamSINE1	0.05883591119506004	male
MamTip2	0.007399500520530601	female
MamTip2	0.011650285983640013	male
MARE1	0.002925126990443703	female
MARE1	0.0031165681135778	male
MARE10	0.07024361558547498	female
MARE10	0.04283331835087001	male
MARE11	0.09954704791903013	female
MARE11	0.04294389971206991	male
MARE3	0.007446506450936899	female
MARE3	0.005982290381418301	male
MARE5	0.02025116149842801	female
MARE5	0.056699184524653	male
MARE6	0.03479778850353299	female
MARE6	0.015765114868071972	male
MARE8	0.1225005089980602	female
MARE8	0.10405943582969002	male
MARNA	0.04412851285869501	female
MARNA	0.04386356706258299	male
MER101	0.6281741207621963	female
MER101	1.0465455064554021	male
MER101_I	0.15462594873763003	female
MER101_I	0.18613939164707993	male
MER101B	0.17049878381470052	female
MER101B	0.26081495301559876	male
MER103	0.21965327197229012	female
MER103	0.09613054811600996	male
MER103C	0.014010734112665013	female
MER103C	0.023362995268447984	male
MER104	0.17267763819081017	female
MER104	0.17619212222910008	male
MER104A	0.0011088392550166002	female
MER104A	0.0008155364523141999	male
MER105	0.08456035222859093	female
MER105	0.1653941712165592	male
MER106	0.10499118207175062	female
MER106	0.09621725850120999	male
MER106B	0.06348888150168985	female
MER106B	0.05817519780315994	male
MER107	1.2072941781939903	female
MER107	1.5983143473030168	male
MER110	0.09197172416144994	female
MER110	0.03978727752203004	male
MER110A	0.20593791125175986	female
MER110A	0.19592719119427016	male
MER110I	0.006542699086026005	female
MER110I	0.012918958767415	male
MER112	0.16449110361704022	female
MER112	0.15750493551492983	male
MER113	0.04409526022622989	female
MER113	0.04310446125929013	male
MER113B	0.033009964081219034	female
MER113B	0.07040880338504996	male
MER115	0.10735686975570902	female
MER115	0.025127047892328003	male
MER117	0.038617629903280104	female
MER117	0.09988960046313	male
MER119	0.15876812540519047	female
MER119	0.179636672242399	male
MER11A	5.261076387000912	female
MER11A	4.497128075355022	male
MER11B	5.767829500714015	female
MER11B	2.04088773391004	male
MER11C	2.440319628275006	female
MER11C	1.4047545483689987	male
MER11D	3.209463714005011	female
MER11D	1.0440683279900043	male
MER121	0.22599089456110022	female
MER121	0.6270770376689008	male
MER122	0.4952201747261	female
MER122	0.29561190252779923	male
MER124	0.037518493169565015	female
MER124	0.04772049871278794	male
MER135	0.04753832179262807	female
MER135	0.05867777226235893	male
MER1A	6.1521716102949995	female
MER1A	3.7887375817040265	male
MER1B	16.37800369946001	female
MER1B	20.3152949452101	male
MER2	19.822978446352977	female
MER2	9.44407599838496	male
MER20	3.8546230605609253	female
MER20	11.38237041048194	male
MER20B	0.09850856669606012	female
MER20B	0.11560139858509988	male
MER21	0.07514500308775052	female
MER21	0.03832501916664999	male
MER21A	1.0653496903186976	female
MER21A	2.135491650894892	male
MER21B	2.4243989007229914	female
MER21B	3.9613088768270046	male
MER21C	0.5963883291777989	female
MER21C	1.6550783272007052	male
MER21C_BT	0.8402581769660031	female
MER21C_BT	0.7322342472718013	male
MER21I	0.13953112964449943	female
MER21I	0.35123745176936083	male
MER22	10.889255743598994	female
MER22	56.49170422715497	male
MER28	1.4399908466384943	female
MER28	0.8844474667931053	male
MER2B	5.507648361723966	female
MER2B	4.458126482915986	male
MER3	2.991708458871983	female
MER3	1.2133238005859965	male
MER30	7.593780106961958	female
MER30	4.297354788991015	male
MER30B	0.3989928546587205	female
MER30B	0.5407844762791907	male
MER31	0.4573135658962997	female
MER31	0.26104945486170017	male
MER31_I	0.1290015473870394	female
MER31_I	0.14219466563422944	male
MER31A	3.195011494845005	female
MER31A	3.0283855219970235	male
MER31B	0.3612768796419985	female
MER31B	0.6421296436701986	male
MER33	1.3554475274995	female
MER33	0.6076915154493996	male
MER34	0.2708676808204	female
MER34	0.45613326092494866	male
MER34-int	0.06486734630300006	female
MER34-int	0.1213821986276602	male
MER34A	0.44338628001030145	female
MER34A	0.5906084294286984	male
MER34A1	0.7010124591799993	female
MER34A1	0.5966611479025019	male
MER34B	0.45959717064000216	female
MER34B	0.744736249667497	male
MER34B_I	0.10706405787655005	female
MER34B_I	0.32487392607949017	male
MER34C	1.2137955176100945	female
MER34C	1.738380501328102	male
MER34C2	0.8705701307967004	female
MER34C2	0.7019749904419967	male
MER34D	0.794012213504395	female
MER34D	0.3112195427642064	male
MER35	0.12583947166727016	female
MER35	0.03146858365293004	male
MER39	5.079830968707995	female
MER39	2.0298126380560007	male
MER39B	1.1459257257349975	female
MER39B	2.342835284505014	male
MER41A	10.896578048166987	female
MER41A	4.266801899849952	male
MER41B	7.261980655526031	female
MER41B	7.59671692388099	male
MER41C	1.6608299178409993	female
MER41C	1.0848787284860038	male
MER41D	0.5104279886783019	female
MER41D	0.7956134159502	male
MER41E	0.29026237769920016	female
MER41E	1.0354993634382055	male
MER41F	0.11778441653836058	female
MER41F	0.13025445137648983	male
MER41G	0.3026309162414993	female
MER41G	0.22779483717529914	male
MER41I	0.2963695540225011	female
MER41I	0.3448660805504993	male
MER44A	0.7184556413036987	female
MER44A	0.28030663498149977	male
MER44B	1.0761914290501053	female
MER44B	0.8015903474398058	male
MER44C	0.09337907640202037	female
MER44C	0.10769998370628997	male
MER44D	0.04035519464103199	female
MER44D	0.04147218490464599	male
MER45	0.40896386001919893	female
MER45	0.3690395751322981	male
MER45B	0.46780287979430213	female
MER45B	0.2947885648372992	male
MER45C	0.06505879160448003	female
MER45C	0.03211152612432011	male
MER45R	0.18846389774619077	female
MER45R	0.1268773479968699	male
MER46C	0.06357113198564002	female
MER46C	0.13291124770023988	male
MER47B	0.3712833557753008	female
MER47B	0.7270485156171027	male
MER48	1.5250679141891936	female
MER48	0.5521320841458959	male
MER49	2.3944085320030126	female
MER49	2.4903774218360013	male
MER4A	0.6210883793877002	female
MER4A	0.8171133360131009	male
MER4A1	10.605972885549932	female
MER4A1	17.016896369594065	male
MER4A1_LTR	2.3313738827430086	female
MER4A1_LTR	3.6188195729879737	male
MER4B	0.9311186210414988	female
MER4B	0.6142445134037011	male
MER4BI	1.2738139731080018	female
MER4BI	1.4152382510202983	male
MER4C	3.1786951251110054	female
MER4C	2.065859327395003	male
MER4CL34	0.7150952951186014	female
MER4CL34	0.19739821417650205	male
MER4D	1.0979213561913	female
MER4D	1.1148286292036005	male
MER4D_LTR	1.1454425473800995	female
MER4D_LTR	0.5282004572842993	male
MER4D1	5.361214686902997	female
MER4D1	5.973893968732	male
MER4E	4.607730200297965	female
MER4E	2.4227248120560034	male
MER4E1	2.2746202614760023	female
MER4E1	3.182543490601006	male
MER4I	2.4097031139408074	female
MER4I	1.960895943009291	male
MER50	4.568947409682039	female
MER50	7.376491885312021	male
MER50B	1.6722828676479935	female
MER50B	1.7625558195279893	male
MER50C	0.05795498085840034	female
MER50C	0.1612754824110496	male
MER50I	0.28528067500970167	female
MER50I	0.3761758533804027	male
MER51A	5.0702156312389945	female
MER51A	6.080340191244005	male
MER51B	2.9574075705450014	female
MER51B	1.2857473784959836	male
MER51C	0.8565996251254973	female
MER51C	1.1291582828569062	male
MER51D	0.40904635718390026	female
MER51D	0.3311070406050014	male
MER51E	0.691304116971402	female
MER51E	0.6752012374558944	male
MER51I	0.17854796328719935	female
MER51I	0.07945823237439953	male
MER52A	2.1782778181487004	female
MER52A	1.9834413622403986	male
MER52AI	1.1549904686146988	female
MER52AI	1.1272174874439997	male
MER52B	1.1098985725188015	female
MER52B	1.0087214516696008	male
MER52C	0.8014494172611961	female
MER52C	0.7347718401018	male
MER52D	2.2673349121191038	female
MER52D	1.254912564223197	male
MER53	2.8236319657560216	female
MER53	2.962122987419008	male
MER54	0.049508966317880265	female
MER54	0.5815067881913212	male
MER54A	0.24030520356980034	female
MER54A	0.3038526111273008	male
MER54B	0.3582585116376009	female
MER54B	0.20453573053490004	male
MER57A_I	0.4047588250433023	female
MER57A_I	0.4264500034147005	male
MER57A1	8.520573682188001	female
MER57A1	4.150389841427	male
MER57B1	5.04551441374997	female
MER57B1	7.84903374911903	male
MER57B2	0.7878820193006959	female
MER57B2	2.2785826734180006	male
MER57C1	0.32827879821980055	female
MER57C1	0.7283253865741006	male
MER57C2	0.8154765713817014	female
MER57C2	0.6085174666071964	male
MER57D	0.3253393286102977	female
MER57D	1.3387824650905031	male
MER57E1	0.6118850248453	female
MER57E1	0.5214741935437992	male
MER57E2	0.0807892451083001	female
MER57E2	0.039202788916880005	male
MER57E3	0.6616168111456009	female
MER57E3	0.5261513752498992	male
MER57F	0.7522566266502011	female
MER57F	0.9006966784412	male
MER57I	0.8650556255053061	female
MER57I	0.7933826412173062	male
MER58A	0.15826262409692937	female
MER58A	0.22188604263608003	male
MER58B	0.7313297901894984	female
MER58B	0.8387579707981985	male
MER58C	0.09846529546287996	female
MER58C	0.20174667844855954	male
MER58D	0.4261646550820002	female
MER58D	0.0897078443752104	male
MER5A	5.850499609590997	female
MER5A	5.082312369605006	male
MER5A1	1.3086834337770057	female
MER5A1	3.4894068825069837	male
MER5B	0.44460047125893887	female
MER5B	0.3248136224776008	male
MER5C	0.22777850528767019	female
MER5C	0.12707132954194034	male
MER5C1	0.010303999564723998	female
MER5C1	0.015593180804002016	male
MER6	1.3094742216656954	female
MER6	0.7987125698751001	male
MER61A	3.8692032124720015	female
MER61A	7.550151915701008	male
MER61B	0.5918489555903008	female
MER61B	1.5655162255094979	male
MER61C	0.857880816991198	female
MER61C	1.8281734669538992	male
MER61D	1.1402898581980025	female
MER61D	1.1452293068463035	male
MER61E	1.4328953356435932	female
MER61E	1.6525518636748018	male
MER61F	0.2000923001834991	female
MER61F	0.8422409733724976	male
MER61I	3.1953547243079896	female
MER61I	8.026473697163993	male
MER63A	0.050005654562742974	female
MER63A	0.018919001436008998	male
MER63B	0.06280355561655004	female
MER63B	0.06858411778572293	male
MER63C	0.028304144259789	female
MER63C	0.02896784066955299	male
MER63D	0.05495558240673004	female
MER63D	0.03320911283565042	male
MER65A	1.4278284664480054	female
MER65A	3.0324920255409893	male
MER65B	0.060541834881280066	female
MER65B	0.08829357749780997	male
MER65C	1.2878946649411986	female
MER65C	1.198026676764698	male
MER65D	0.1843733907217988	female
MER65D	0.20608257687949916	male
MER65I	0.08656298631001924	female
MER65I	1.1966914993659596	male
MER66_I	0.5099753942706986	female
MER66_I	0.3532438749293991	male
MER66A	0.3146175543714005	female
MER66A	0.3453155110067989	male
MER66B	0.9352739346041972	female
MER66B	1.0719542059592015	male
MER66C	1.6919291314902125	female
MER66C	1.0005764619080963	male
MER66D	0.5002211913217991	female
MER66D	0.25830288242239874	male
MER67A	0.28801647184550205	female
MER67A	0.42321076884800135	male
MER67B	0.18119891864979998	female
MER67B	0.09902046019729838	male
MER67C	0.7492575440450935	female
MER67C	1.3754272016483995	male
MER67D	0.6342696723797019	female
MER67D	2.4568318213325	male
MER68_I	0.034502330675349024	female
MER68_I	0.06679875112575406	male
MER68A	0.9824216282260991	female
MER68A	1.4332415571005015	male
MER68B	0.11435591061291017	female
MER68B	0.3672621963287801	male
MER68C	0.06103784133477008	female
MER68C	0.037659957722659954	male
MER69A	0.03969984246247893	female
MER69A	0.06229314137667097	male
MER69B	0.007803117560320996	female
MER69B	0.017161316065349	male
MER69C	0.02945372087575704	female
MER69C	0.01642720291330102	male
MER6A	0.2972111942642002	female
MER6A	0.4072801587289998	male
MER6B	0.2648859654778004	female
MER6B	0.3248160543887	male
MER6C	0.2792137710591991	female
MER6C	0.8031431514017999	male
MER70_I	0.17584207264388985	female
MER70_I	0.21450781093478977	male
MER70A	0.45289217074989985	female
MER70A	0.2882062136036989	male
MER70B	0.05995144740856029	female
MER70B	0.09862934096332987	male
MER70C	0.37627440493511877	female
MER70C	0.13226534735531992	male
MER72	1.895903194648902	female
MER72	3.9966436648591923	male
MER72B	0.2651000530635983	female
MER72B	0.30380945015710026	male
MER73	0.2722757762119983	female
MER73	0.5380291435807969	male
MER74	0.14137115732285022	female
MER74	0.12040822499304937	male
MER74A	0.5053470328313949	female
MER74A	1.000573740800995	male
MER74B	0.11497122456243059	female
MER74B	0.13634437802924015	male
MER74C	0.20373945949808991	female
MER74C	0.12740035671262007	male
MER75	2.6541178107000007	female
MER75	1.0986161222240014	male
MER75B	1.3007832991557962	female
MER75B	0.5784948016518996	male
MER76	0.12278823275561024	female
MER76	0.3345719195359802	male
MER76-int	0.028620534676567	female
MER76-int	0.10051383564979599	male
MER77	0.35482497733219986	female
MER77	0.8287665064199992	male
MER8	0.11547386834455997	female
MER8	0.26344432681738006	male
MER80	0.02443815196330601	female
MER80	0.02815411340909202	male
MER80B	0.05468685314602806	female
MER80B	0.051556904194790976	male
MER82	2.0848927194859073	female
MER82	1.2247205478047007	male
MER83	1.4877221805689942	female
MER83	1.0563532605119974	male
MER83AI	0.07950581460972028	female
MER83AI	0.08003191404192922	male
MER83B	0.7443307553964971	female
MER83B	0.2780178639475963	male
MER83BI	0.11972587523700007	female
MER83BI	0.2473503755333013	male
MER83C	0.37620977169130043	female
MER83C	0.24711499721459873	male
MER84	0.32715465613789974	female
MER84	1.5126756855359034	male
MER84I	0.17698314323049935	female
MER84I	0.13878625974342995	male
MER87	0.057414504997830296	female
MER87	0.07262016908148006	male
MER87B	0.7672035899704994	female
MER87B	0.6146561477840038	male
MER88	0.4717450011208797	female
MER88	0.20171267155132	male
MER89	0.6286818370809968	female
MER89	0.8056062901733014	male
MER89I	0.015778145366943996	female
MER89I	0.009304881221143035	male
MER9	5.2559135363410405	female
MER9	15.309575879809017	male
MER90	0.12601207463551978	female
MER90	0.023274809670490004	male
MER90a_LTR	0.13314441933009924	female
MER90a_LTR	0.22367532713909988	male
MER91A	0.016445104697195984	female
MER91A	0.016814730068020797	male
MER91B	0.06519795773680997	female
MER91B	0.05262098183706099	male
MER92A	0.03623660644118598	female
MER92A	0.01946678852564898	male
MER92B	0.08204683012499991	female
MER92B	0.5331152315262191	male
MER92C	0.0522864389759401	female
MER92C	0.028355226553419932	male
MER93	0.04717385896005011	female
MER93	0.1226950837753602	male
MER95	0.48319290981673024	female
MER95	0.16584560113949998	male
MER96	0.07531569355966994	female
MER96	0.04414111478041399	male
MER96B	0.3580536483502108	female
MER96B	0.17764829329207998	male
MER97A	0.0049290001084734	female
MER97A	0.0022478226209090013	male
MER97B	0.00996186939058799	female
MER97B	0.00884022672714141	male
MER97C	0.0058447387700839015	female
MER97C	0.010945438551574496	male
MER99	0.09634126456496972	female
MER99	0.04980493057795021	male
MER9B	1.1089958167820981	female
MER9B	0.4756286814933972	male
Merlin1_HS	0.05779167376692973	female
Merlin1_HS	0.15351293315532022	male
MERX	0.07129781280022607	female
MERX	0.08764788368183796	male
MIR	4.494156022249001	female
MIR	4.5548763441389895	male
MIR3	0.17856675095800156	female
MIR3	0.3210051782088996	male
MIRb	0.2481379703261597	female
MIRb	0.09797994089148965	male
MIRc	0.08322668414734968	female
MIRc	0.07194276864956972	male
MLT-int	1.2879709004611968	female
MLT-int	1.223661561530399	male
MLT1_I	0.6772296996239007	female
MLT1_I	0.5416712358221005	male
MLT1A0	9.633893239017027	female
MLT1A0	7.636960711904976	male
MLT1A1	10.824040744587023	female
MLT1A1	7.987383583639939	male
MLT1B	27.63625978152004	female
MLT1B	27.81381614822999	male
MLT1C	7.544749416332024	female
MLT1C	11.716069926771013	male
MLT1C1	4.032218303669993	female
MLT1C1	3.6022630895240013	male
MLT1C2	5.778589742631993	female
MLT1C2	8.236519526536995	male
MLT1D	7.409929543289991	female
MLT1D	9.650583628918014	male
MLT1E	0.15073787206820022	female
MLT1E	0.10551128369469964	male
MLT1E1	0.18773257406940047	female
MLT1E1	0.5310111303657017	male
MLT1E1A	0.5296239832508967	female
MLT1E1A	0.4541536803165016	male
MLT1E2	0.6008353485471005	female
MLT1E2	0.8901165437761023	male
MLT1F	0.2960361058855021	female
MLT1F	0.4502603711187021	male
MLT1F_I	0.07065430824465935	female
MLT1F_I	0.32101869903515023	male
MLT1F1	0.5941700036879034	female
MLT1F1	0.6489068841837025	male
MLT1F2	0.25226134797539856	female
MLT1F2	0.539451220764299	male
MLT1G	0.016136028401800173	female
MLT1G	0.06121352319074003	male
MLT1G1	0.04702605831876028	female
MLT1G1	0.05706690065285969	male
MLT1G2	0.06579527173492039	female
MLT1G2	0.0930342881734596	male
MLT1G3	0.10919019122737961	female
MLT1G3	0.08118706851814039	male
MLT1H	0.05196793826579871	female
MLT1H	0.2980667271251889	male
MLT1H_I	0.06909256117233009	female
MLT1H_I	0.03505166295253992	male
MLT1H1	0.09888530554399999	female
MLT1H1	0.0958880337024901	male
MLT1H2	0.1113304137093003	female
MLT1H2	0.21269801381709996	male
MLT1I	0.1218296391883289	female
MLT1I	0.12749154440873056	male
MLT1J	0.08806393208871022	female
MLT1J	0.11213635448274051	male
MLT1J-int	0.04126057390439197	female
MLT1J-int	0.021838423238856985	male
MLT1J1	0.07716858786776015	female
MLT1J1	0.02249819572738998	male
MLT1J2	0.0672419687119401	female
MLT1J2	0.08577219089317012	male
MLT1K	0.1040857599221301	female
MLT1K	0.041523917589150194	male
MLT1L	0.01861058975534502	female
MLT1L	0.02741081922793609	male
MLT1M	0.001678109053049201	female
MLT1M	0.0056708920517604955	male
MLT1N2	0.049023251802772005	female
MLT1N2	0.021971730626050068	male
MLT1O	0.020024103232895996	female
MLT1O	0.013944680311714003	male
MLT2A1	14.766042558928007	female
MLT2A1	70.69249877817015	male
MLT2A2	60.18488462998994	female
MLT2A2	87.6210700217498	male
MLT2B2	1.9566826921220013	female
MLT2B2	2.1420714756620214	male
MLT2B3	0.6496763295292993	female
MLT2B3	1.0988690655142008	male
MLT2B4	4.0649792202059984	female
MLT2B4	5.487484002441022	male
MLT2C2	1.052203594068601	female
MLT2C2	2.4765098289984024	male
MLT2D	0.7280651230267026	female
MLT2D	0.5778708813097992	male
MLT2E	0.01755155895721494	female
MLT2E	0.01920332678338199	male
MLT2F	0.07359369391735004	female
MLT2F	0.034386382109480085	male
MSR1	1.0445628218351999	female
MSR1	1.3075275315636006	male
MST_I	11.966947686948004	female
MST_I	8.951916843345998	male
MSTA	26.48274412239016	female
MSTA	48.63974445280019	male
MSTA1	0.7298313414996969	female
MSTA1	0.5743563939765011	male
MSTA2	2.891822795737994	female
MSTA2	2.140629936203993	male
MSTB	12.4035862426	female
MSTB	12.353875614596063	male
MSTB1	8.386987810183996	female
MSTB1	10.401001948520047	male
MSTC	9.383296112261007	female
MSTC	7.160443949785019	male
MSTD	6.808689204856023	female
MSTD	5.052303368875016	male
ORSL	0.33392684143089824	female
ORSL	0.3474439238522997	male
ORSL-2a	0.04033835818402598	female
ORSL-2a	0.028944735779327047	male
ORSL-2b	0.048148741836250064	female
ORSL-2b	0.05367278949571963	male
PABL_A	1.8331991748819974	female
PABL_A	1.788041732408999	male
PABL_AI	1.3163005980909048	female
PABL_AI	0.6645425211367026	male
PABL_B	0.5943337710506995	female
PABL_B	0.8571957119304017	male
PABL_BI	0.11822823199748012	female
PABL_BI	0.10421751706347004	male
PRIMA4_I	0.2605802767345011	female
PRIMA4_I	0.506538333505901	male
PRIMA4_LTR	1.2399852863069896	female
PRIMA4_LTR	1.0923848469059863	male
PRIMA41	0.11196374525779973	female
PRIMA41	0.14915161909339858	male
PRIMAX_I	0.04975709186465993	female
PRIMAX_I	0.02353896368629993	male
PrimLTR79	0.6280488412613998	female
PrimLTR79	0.185148025918501	male
PTR5	0.5090501920086972	female
PTR5	1.938285783091601	male
REP522	0.11925203008808971	female
REP522	0.35943716438661966	male
RICKSHA	0.5021708879173019	female
RICKSHA	0.44479959581629913	male
RICKSHA_0	0.5519010706825007	female
RICKSHA_0	0.5113226075600998	male
Ricksha_a	0.3162348504150003	female
Ricksha_a	0.14741735610420115	male
SATR1	5.029064058652402	female
SATR1	3.1540172057125915	male
SATR2	0.57725179527338	female
SATR2	0.17472690136704028	male
SN5	0.1590951296326999	female
SN5	0.15111833970109956	male
SVA_A	173.24037335228013	female
SVA_A	20.046232515640213	male
SVA2	3.7894207174740018	female
SVA2	2.6858530730650045	male
TAR1	5.464238523657201	female
TAR1	6.462276614613401	male
THE1_I	162.04484384682019	female
THE1_I	154.44733927474954	male
THE1A	23.636273555749995	female
THE1A	40.82669528102042	male
THE1B	70.85745848942042	female
THE1B	137.25027208454048	male
THE1C	40.02787405422987	female
THE1C	110.51720105119011	male
THE1D	48.05219420027015	female
THE1D	79.51308805388999	male
THER1	0.18865724727954003	female
THER1	0.06859810503267916	male
THER2	0.16525250884865006	female
THER2	0.08861229119609026	male
TIGGER1	17.54106200653996	female
TIGGER1	16.21153322505006	male
Tigger10	0.0018865122193591002	female
Tigger10	0.002754614067557601	male
Tigger12	0.011595250512607014	female
Tigger12	0.004927011253135993	male
Tigger12A	0.011325778152442983	female
Tigger12A	0.0075374713374339875	male
Tigger13a	0.03903083006862995	female
Tigger13a	0.060374471110070216	male
Tigger14a	0.06405946048803901	female
Tigger14a	0.04159396706325602	male
Tigger15a	0.04549480031515796	female
Tigger15a	0.03427110875142003	male
Tigger16a	0.015673687707584996	female
Tigger16a	0.00813482423499029	male
Tigger16b	0.02432317288332797	female
Tigger16b	0.07737667971328097	male
TIGGER2	1.175493169029977	female
TIGGER2	3.978396728663	male
Tigger2b_Pri	0.4070062135340997	female
Tigger2b_Pri	0.3412457167124998	male
Tigger3b	2.8183932836244026	female
Tigger3b	1.4835759914464006	male
Tigger3c	0.05392615620607	female
Tigger3c	0.05884499671058996	male
Tigger3d	1.0049635206741012	female
Tigger3d	0.3309681115032994	male
Tigger4a	3.5341752016538948	female
Tigger4a	1.1551248433575125	male
TIGGER5	0.11389071060537992	female
TIGGER5	0.0262080946659502	male
TIGGER5_A	0.15656151926978001	female
TIGGER5_A	0.45953032517429016	male
TIGGER5_B	0.005537412255236296	female
TIGGER5_B	0.006607653948611694	male
TIGGER5A	4.761567441858006	female
TIGGER5A	2.685419556728988	male
TIGGER6A	0.15272842572582945	female
TIGGER6A	0.1469696926176205	male
TIGGER6B	0.23123613251838027	female
TIGGER6B	0.19415070376192034	male
TIGGER7	0.14337585278700082	female
TIGGER7	0.12041153610629962	male
TIGGER8	0.017715826788059295	female
TIGGER8	0.004834457582498199	male
TIGGER9	0.006528848451604008	female
TIGGER9	0.005030079492637979	male
Tigger9b	0.3232728208271993	female
Tigger9b	0.45723920889768976	male
UCON103	0.02688954364951801	female
UCON103	0.133581841450638	male
UCON104	0.03337001566562203	female
UCON104	0.060507659715414996	male
UCON105	0.06872778888952102	female
UCON105	0.07216178515427607	male
UCON106	0.07544670061191694	female
UCON106	0.11964556516860697	male
UCON107	0.07080543915290005	female
UCON107	0.07091125458877001	male
UCON132a	0.02916738933752	female
UCON132a	0.06852613961412202	male
UCON32	0.13126290074875102	female
UCON32	0.05844391200758192	male
UCON33	0.01547225609234304	female
UCON33	0.04775281975041101	male
UCON38	0.1440735473236201	female
UCON38	0.05963190452398992	male
UCON39	0.0036564526572637	female
UCON39	0.0	male
UCON40	0.026985053633097	female
UCON40	0.012114648325041999	male
UCON42	0.100148091997591	female
UCON42	0.010896982309864023	male
UCON43	0.038859012363997913	female
UCON43	0.153275982149491	male
UCON44	0.05994762914600904	female
UCON44	0.177320193164752	male
UCON45	0.02505904980083995	female
UCON45	0.03072849844919101	male
UCON46	0.24061515331035999	female
UCON46	0.057389380488260144	male
UCON47	0.15090499072111996	female
UCON47	0.05223322566891808	male
UCON48	0.05812152850260299	female
UCON48	0.078853687020362	male
UCON53	0.2196740558835999	female
UCON53	0.03844836471545804	male
UCON54	0.14190505428897293	female
UCON54	0.06648398458304905	male
UCON55	0.0069110055665119	female
UCON55	0.0067282676650775	male
UCON63	0.21055004714700987	female
UCON63	0.07624810942372995	male
UCON64	0.12223546300706001	female
UCON64	0.14225741676326897	male
UCON65	0.006539955893266402	female
UCON65	0.0025958879805251	male
UCON72	0.097449395997394	female
UCON72	0.05464980941934994	male
UCON74	0.01736595572536298	female
UCON74	0.020419384134259977	male
UCON75	0.07233768700631094	female
UCON75	0.07727817551314398	male
UCON76	0.13293952485837002	female
UCON76	0.05771147179003999	male
UCON79	0.0069915384904216	female
UCON79	0.0073194911936862	male
UCON84	0.02446652902631799	female
UCON84	0.311304034113002	male
UCON86	0.023273854191567498	female
UCON86	0.015984380049028024	male
UCON89	0.047932361910770105	female
UCON89	0.08777933966031398	male
UCON93	0.14686710677706205	female
UCON93	0.18313017704091195	male
UCON96	0.041341569815755985	female
UCON96	0.1677514379797611	male
UHG	0.03410457364204089	female
UHG	0.04318331545289	male
X1_DNA	0.027302388565933977	female
X1_DNA	0.012885750880654995	male
X1_LR	0.060074804658381	female
X1_LR	0.07191351534178092	male
X10b_DNA	0.01048135069872902	female
X10b_DNA	0.02443641872035901	male
X11_DNA	0.04689331985585199	female
X11_DNA	0.02829901989841699	male
X11_LINE	0.0023453872631729	female
X11_LINE	0.0023239039139243	male
X12_DNA	0.03342940222663898	female
X12_DNA	0.011474100854489994	male
X12_LINE	0.06307033772457105	female
X12_LINE	0.01994069015315003	male
X13_DNA	0.020618045052769984	female
X13_DNA	0.03344219021336403	male
X13_LINE	0.15609045440682912	female
X13_LINE	0.067050683959053	male
X15_DNA	0.0218185036005044	female
X15_DNA	0.004539143397220401	male
X15_LINE	0.0036519858139286996	female
X15_LINE	0.0046011363663927985	male
X17_DNA	0.08273758805779596	female
X17_DNA	0.14355453813044794	male
X17_LINE	0.031484697782476034	female
X17_LINE	0.017384389452739984	male
X18_DNA	0.0823817637303299	female
X18_DNA	0.022559310485160022	male
X18_LINE	0.04809351000784012	female
X18_LINE	0.04776556096794993	male
X19_LINE	0.03455535610931404	female
X19_LINE	0.026396706301286044	male
X2_LR	0.034017942377084	female
X2_LR	0.06905393888884803	male
X20_DNA	0.05348967100402702	female
X20_DNA	0.072116403450324	male
X20_LINE	0.0766629302170101	female
X20_LINE	0.05701577497674992	male
X21_DNA	0.0042386610298332	female
X21_DNA	0.0033215255097576992	male
X21_LINE	0.029444322871209017	female
X21_LINE	0.04178456693845001	male
X23_DNA	0.021598969467537005	female
X23_DNA	0.009650040304595986	male
X24_DNA	0.0043372046537499	female
X24_DNA	0.0033737216231821	male
X24_LINE	0.012260616359370001	female
X24_LINE	0.0032985279358505	male
X25_DNA	0.0050344974516223	female
X25_DNA	0.0031755482933672	male
X26_DNA	0.101713945140122	female
X26_DNA	0.04500603087638	male
X27_DNA	0.03296793382900898	female
X27_DNA	0.033839831897496064	male
X28_DNA	0.07642630252032101	female
X28_DNA	0.015538438493428952	male
X29a_DNA	0.025270668600769985	female
X29a_DNA	0.08267375849785008	male
X29b_DNA	0.012608927945949977	female
X29b_DNA	0.013178331763291501	male
X2a_DNA	0.0050870842113595	female
X2a_DNA	0.0033799570601667998	male
X2b_DNA	0.030727288529942998	female
X2b_DNA	0.08527421201802599	male
X3_LINE	0.14919413121342395	female
X3_LINE	0.023906158011194	male
X3_LR	0.0035453187227275	female
X3_LR	0.037329977822608496	male
X30_DNA	0.004877949391829006	female
X30_DNA	0.0061366289379810035	male
X31_DNA	0.04682035686150399	female
X31_DNA	0.040334077732575024	male
X32_DNA	0.05384640208357	female
X32_DNA	0.025559931670943004	male
X33a_DNA	0.05115301838350006	female
X33a_DNA	0.023753159388870015	male
X34_DNA	0.036186333203940046	female
X34_DNA	0.08186126151358009	male
X4_LR	0.11494635427395994	female
X4_LR	0.03387975175832003	male
X4a_DNA	0.018894819730394002	female
X4a_DNA	0.0166052998117018	male
X4b_DNA	0.007739070909065712	female
X4b_DNA	0.026846729563966	male
X5a_DNA	0.0	female
X5a_DNA	0.0051032084484201	male
X5b_DNA	0.11128537806622807	female
X5b_DNA	0.055804377024467	male
X6a_DNA	0.044991148944379	female
X6a_DNA	0.017001833660792	male
X6b_DNA	0.023867127189864	female
X6b_DNA	0.021266368635475985	male
X7_DNA	0.011126383661678008	female
X7_DNA	0.037800743716254	male
X9a_DNA	0.02608563900317107	female
X9a_DNA	0.07456117513515703	male
X9b_DNA	0.024644029227252402	female
X9b_DNA	0.061342920459841965	male
X9c_DNA	0.03210369693165993	female
X9c_DNA	0.029597595046539915	male
ZAPHOD	0.045633588918950085	female
ZAPHOD	0.03448710691090007	male
Zaphod3	0.02914424038817398	female
Zaphod3	0.02405895897000998	male
ZOMBI	1.2640408146356066	female
ZOMBI	2.957498414630095	male
ZOMBI_A	2.8990296677617096	female
ZOMBI_A	0.9261086230059874	male
ZOMBI_B	4.128351868869004	female
ZOMBI_B	3.655683275268018	male
ZOMBI_C	0.06803506567927986	female
